{"val": {"loss": [5.973834991455078, 3.3137097358703613, 6.916598796844482, 7.001316070556641, 8.272019386291504, 10.236526489257812, 12.108604431152344, 13.292492866516113, 13.609996795654297, 13.170764923095703, 12.224611282348633, 11.07571792602539, 9.879932403564453, 8.73189926147461, 7.702545166015625, 6.7954301834106445, 6.041329383850098, 5.417214393615723], "acc": [0.499856561422348, 0.5, 0.5, 0.5, 0.5, 0.5, 0.5001434683799744, 0.5001434683799744, 0.5001434683799744, 0.5001434683799744, 0.5001434683799744, 0.5001434683799744, 0.5001434683799744, 0.5001434683799744, 0.5001434683799744, 0.5002008080482483, 0.50022953748703, 0.5005594491958618]}, "train": {"loss": [1.2384198904037476, 2.2938971519470215, 0.8628827929496765, 1.4659720659255981, 1.2251707315444946, 1.0112097263336182, 0.7515055537223816, 0.683758020401001, 0.631920576095581, 0.5834264755249023, 0.5583287477493286, 0.5589332580566406, 0.5452401041984558, 0.5162750482559204, 0.4989869296550751, 0.5000985264778137, 0.504318356513977, 0.5059674382209778], "acc": [0.5106248259544373, 0.4195035696029663, 0.6258319616317749, 0.5634374618530273, 0.6235734224319458, 0.6481845378875732, 0.6928485035896301, 0.7000104784965515, 0.7084218263626099, 0.723578691482544, 0.7352802157402039, 0.7324627041816711, 0.7334456443786621, 0.7474582195281982, 0.7613207697868347, 0.7607917785644531, 0.7569087743759155, 0.758045494556427]}, "questions": {"loss": [], "acc": [], "task_acc": [], "task_acc_cf": [], "res_task_acc": []}}